<?xml version="1.0" encoding="UTF-8" ?>
<feedback>
  <version>1.0</version>
  <report_metadata>
    <org_name>google.com</org_name>
    <email>noreply-dmarc-support@google.com</email>
    <extra_contact_info>https://support.google.com/a/answer/2466580</extra_contact_info>
    <report_id>2880398542960837531</report_id>
    <date_range>
      <begin>1752451200</begin>
      <end>1752537599</end>
    </date_range>
  </report_metadata>
  <policy_published>
    <domain>thephenom.app</domain>
    <adkim>r</adkim>
    <aspf>r</aspf>
    <p>none</p>
    <sp>none</sp>
    <pct>100</pct>
    <np>none</np>
  </policy_published>
  <record>
    <row>
      <source_ip>54.240.11.71</source_ip>
      <count>1</count>
      <policy_evaluated>
        <disposition>none</disposition>
        <dkim>pass</dkim>
        <spf>pass</spf>
      </policy_evaluated>
    </row>
    <identifiers>
      <header_from>thephenom.app</header_from>
    </identifiers>
    <auth_results>
      <dkim>
        <domain>thephenom.app</domain>
        <result>pass</result>
        <selector>4xdlejn344gkdkliyexah4szqaav6yzs</selector>
      </dkim>
      <dkim>
        <domain>amazonses.com</domain>
        <result>pass</result>
        <selector>6gbrjpgwjskckoa6a5zn6fwqkn67xbtw</selector>
      </dkim>
      <spf>
        <domain>mail.thephenom.app</domain>
        <result>pass</result>
      </spf>
    </auth_results>
  </record>
</feedback>
